continent,avg_gdpPercap,mean_lifeExp,total_population,n_records
Africa,2193.7545782857374,48.86533012820513,6187585961.0,624
Americas,7136.11035559,64.65873666666667,7351438499.0,300
Asia,7902.150428053284,60.064903232323225,30507333901.99999,396
Europe,14469.475533302222,71.90368611111111,6181115304.0,360
Oceania,18621.609223333333,74.32620833333333,212992136.0,24
